<?xml version="1.0" encoding="UTF-8"?>
<!DOCTYPE generatorConfiguration
        PUBLIC "-//mybatis.org//DTD MyBatis Generator Configuration 1.0//EN"
        "http://mybatis.org/dtd/mybatis-generator-config_1_0.dtd">

<generatorConfiguration>
    <classPathEntry location="ojdbc14.jar"/>


    <context id="DB2Tables" targetRuntime="MyBatis3">

        <commentGenerator>
            <property name="suppressDate" value="true"/>
            <property name="suppressAllComments" value="true"/>

        </commentGenerator>

        <jdbcConnection driverClass="oracle.jdbc.driver.OracleDriver"
                        connectionURL="jdbc:oracle:thin:@127.0.0.1:1521:ORCL" userId="dustin"
                        password="admin1234">
        </jdbcConnection>
        <javaTypeResolver>
            <property name="forceBigDecimals" value="false"/>
        </javaTypeResolver>

        <javaModelGenerator targetPackage="net.wanho.model"
                            targetProject="./src">
            <property name="enableSubPackages" value="true"/>
            <property name="trimStrings" value="true"/>
        </javaModelGenerator>

        <sqlMapGenerator targetPackage="net.wanho.mapper"
                         targetProject="./src">
            <property name="enableSubPackages" value="true"/>
        </sqlMapGenerator>

        <javaClientGenerator type="XMLMAPPER" targetPackage="net.wanho.mapper"
                             targetProject="./src">
            <property name="enableSubPackages" value="true"/>
        </javaClientGenerator>
       
        <table tableName="PERSION" domainObjectName="Persion">
            <property name="enableSelectByExample" value="false"/>
            <property name="enableDeleteByExample" value="false"/>
            <property name="enableCountByExample" value="false"/>
            <property name="enableUpdateByExample" value="false"/>
            <property name="enableUpdateByPrimaryKey" value="false"/>
            <generatedKey column="PID" sqlStatement="ORACLE" identity="true"/>
        </table>




    </context>
</generatorConfiguration>