<?xml version="1.0" encoding="UTF-8"?>
<!DOCTYPE generatorConfiguration
        PUBLIC "-//mybatis.org//DTD MyBatis Generator Configuration 1.0//EN"
        "http://mybatis.org/dtd/mybatis-generator-config_1_0.dtd">

<generatorConfiguration>
    <classPathEntry location="mysql-connector-java-5.1.34.jar"/>

    <context id="DB2Tables" targetRuntime="MyBatis3">

        <commentGenerator>
            <property name="suppressDate" value="true"/>
            <property name="suppressAllComments" value="true"/>
        </commentGenerator>

        <jdbcConnection driverClass="com.mysql.jdbc.Driver"
                        connectionURL="jdbc:mysql://172.16.8.70:13306/IM_DB_MANAGE" userId="user_dbmanager" password="pIXZ0iaQ$N^T">
        </jdbcConnection>

        <javaTypeResolver>
            <property name="forceBigDecimals" value="false"/>
        </javaTypeResolver>

        <javaModelGenerator targetPackage="net.wanho.model" targetProject="./src">
            <property name="enableSubPackages" value="true"/>
            <property name="trimStrings" value="true"/>
        </javaModelGenerator>

        <sqlMapGenerator targetPackage="net.wanho.mapper" targetProject="./src">
            <property name="enableSubPackages" value="true"/>
        </sqlMapGenerator>

        <javaClientGenerator type="XMLMAPPER" targetPackage="net.wanho.mapper" targetProject="./src">
            <property name="enableSubPackages" value="true"/>
        </javaClientGenerator>
        <table tableName="VersionInfo" domainObjectName="VersionInfo">
            <property name="enableSelectByExample" value="true"/>
            <property name="enableDeleteByExample" value="true"/>
            <property name="enableCountByExample" value="true"/>
            <property name="enableUpdateByExample" value="true"/>
            <property name="enableUpdateByPrimaryKey" value="true"/>
            <generatedKey column="id" sqlStatement="MySql"
                          identity="true"/>
        </table>
    </context>
</generatorConfiguration>